seed,lambda,cap,ok,moves,trigger_overlap,time_s
2000,0.5,1,True,30,0.0,3.028
2000,0.5,2,True,30,0.0,3.006
2000,0.5,4,True,31,0.2258,2.427
2000,0.5,none,True,31,0.2258,2.324
2001,0.5,1,True,19,0.0,0.355
2001,0.5,2,True,23,0.2609,0.239
2001,0.5,4,True,29,0.4483,0.469
2001,0.5,none,True,29,0.4483,0.473
2002,0.5,1,True,27,0.0,2.677
2002,0.5,2,True,27,0.0,3.125
2002,0.5,4,True,30,0.2333,1.397
2002,0.5,none,True,30,0.2333,1.35
2003,0.5,1,True,26,0.1154,0.296
2003,0.5,2,True,27,0.2222,1.858
2003,0.5,4,True,27,0.2222,1.956
2003,0.5,none,True,27,0.2222,1.922
2004,0.5,1,True,26,0.1154,0.391
2004,0.5,2,True,26,0.1154,0.406
2004,0.5,4,True,26,0.1154,0.449
2004,0.5,none,True,26,0.1154,0.439
2005,0.5,1,True,26,0.0,0.845
2005,0.5,2,True,26,0.0,0.912
2005,0.5,4,True,26,0.0,1.038
2005,0.5,none,True,26,0.0,1.024
2006,0.5,1,True,26,0.2692,0.939
2006,0.5,2,True,26,0.2692,0.628
2006,0.5,4,True,26,0.2692,0.601
2006,0.5,none,True,26,0.2692,0.594
2007,0.5,1,True,28,0.1429,2.144
2007,0.5,2,True,19,0.4211,2.037
2007,0.5,4,True,19,0.4211,0.718
2007,0.5,none,True,19,0.4211,0.722
2008,0.5,1,True,25,0.16,1.243
2008,0.5,2,True,25,0.16,1.019
2008,0.5,4,True,25,0.16,0.996
2008,0.5,none,True,25,0.16,0.966
2009,0.5,1,True,26,0.2692,0.686
2009,0.5,2,True,26,0.2692,0.7
2009,0.5,4,True,27,0.2222,1.052
2009,0.5,none,True,27,0.2222,1.009
2010,0.5,1,True,25,0.0,3.45
2010,0.5,2,True,25,0.0,3.21
2010,0.5,4,True,23,0.4348,2.666
2010,0.5,none,True,23,0.4348,2.599
2011,0.5,1,True,30,0.2333,2.275
2011,0.5,2,True,30,0.2333,2.284
2011,0.5,4,True,21,0.1429,3.715
2011,0.5,none,True,21,0.1429,3.404
2012,0.5,1,True,24,0.1667,0.979
2012,0.5,2,True,24,0.1667,1.016
2012,0.5,4,True,22,0.1364,0.824
2012,0.5,none,True,22,0.1364,0.802
2013,0.5,1,True,28,0.0,2.754
2013,0.5,2,True,28,0.0,2.842
2013,0.5,4,True,30,0.1,3.48
2013,0.5,none,True,30,0.1,3.443
2014,0.5,1,True,28,0.1071,4.6
2014,0.5,2,True,28,0.1071,4.643
2014,0.5,4,True,28,0.1071,4.419
2014,0.5,none,True,28,0.1071,4.435
2015,0.5,1,True,27,0.2222,1.473
2015,0.5,2,True,27,0.2222,1.332
2015,0.5,4,True,27,0.2222,1.439
2015,0.5,none,True,27,0.2222,1.344
2016,0.5,1,True,28,0.0,1.457
2016,0.5,2,True,28,0.0,1.566
2016,0.5,4,True,28,0.0,1.638
2016,0.5,none,True,28,0.0,1.726
2017,0.5,1,True,22,0.1364,0.583
2017,0.5,2,True,22,0.1364,0.638
2017,0.5,4,True,23,0.3913,0.706
2017,0.5,none,True,23,0.3913,0.653
2018,0.5,1,True,23,0.1304,2.016
2018,0.5,2,True,29,0.1034,2.49
2018,0.5,4,True,29,0.1034,1.024
2018,0.5,none,True,29,0.1034,1.001
2019,0.5,1,True,28,0.25,0.307
2019,0.5,2,True,28,0.25,0.287
2019,0.5,4,True,28,0.25,0.145
2019,0.5,none,True,28,0.25,0.135
2020,0.5,1,True,29,0.1034,2.578
2020,0.5,2,True,29,0.1034,2.67
2020,0.5,4,True,29,0.1034,1.227
2020,0.5,none,True,29,0.1034,1.203
2021,0.5,1,True,26,0.2692,13.232
2021,0.5,2,True,26,0.2692,12.262
2021,0.5,4,True,26,0.2692,11.547
2021,0.5,none,True,26,0.2692,11.47
2022,0.5,1,True,28,0.0,1.001
2022,0.5,2,True,28,0.0,1.074
2022,0.5,4,True,29,0.1034,1.055
2022,0.5,none,True,29,0.1034,1.039
2023,0.5,1,True,25,0.12,1.571
2023,0.5,2,True,25,0.12,1.571
2023,0.5,4,True,24,0.1667,5.708
2023,0.5,none,True,24,0.1667,5.671
2024,0.5,1,True,28,0.1429,0.781
2024,0.5,2,True,28,0.1429,0.843
2024,0.5,4,True,28,0.1429,0.868
2024,0.5,none,True,28,0.1429,0.861
2025,0.5,1,True,24,0.125,0.131
2025,0.5,2,True,24,0.125,0.135
2025,0.5,4,True,28,0.2143,15.589
2025,0.5,none,True,28,0.2143,14.986
2026,0.5,1,True,31,0.129,1.413
2026,0.5,2,True,31,0.129,1.46
2026,0.5,4,True,22,0.1364,0.225
2026,0.5,none,True,22,0.1364,0.216
2027,0.5,1,False,,,27.459
2027,0.5,2,False,,,27.348
2027,0.5,4,True,29,0.2414,9.854
2027,0.5,none,True,29,0.2414,9.515
2028,0.5,1,True,20,0.0,0.621
2028,0.5,2,True,20,0.0,0.681
2028,0.5,4,True,24,0.125,0.188
2028,0.5,none,True,24,0.125,0.184
2029,0.5,1,True,19,0.0,0.357
2029,0.5,2,True,19,0.0,0.384
2029,0.5,4,True,31,0.1935,2.233
2029,0.5,none,True,31,0.1935,2.231
2030,0.5,1,True,29,0.0,5.215
2030,0.5,2,True,29,0.0,4.659
2030,0.5,4,True,29,0.0,5.399
2030,0.5,none,True,29,0.0,4.949
2031,0.5,1,True,28,0.2143,0.852
2031,0.5,2,True,28,0.2143,0.864
2031,0.5,4,True,29,0.3448,0.401
2031,0.5,none,True,29,0.3448,0.396
2032,0.5,1,True,22,0.0,0.591
2032,0.5,2,True,22,0.0,0.641
2032,0.5,4,True,23,0.3478,0.564
2032,0.5,none,True,23,0.3478,0.542
2033,0.5,1,True,21,0.1905,0.726
2033,0.5,2,True,21,0.1905,0.729
2033,0.5,4,True,21,0.1905,0.782
2033,0.5,none,True,21,0.1905,0.754
2034,0.5,1,True,28,0.25,1.429
2034,0.5,2,True,28,0.25,1.423
2034,0.5,4,True,28,0.25,1.449
2034,0.5,none,True,28,0.25,1.359
2035,0.5,1,True,28,0.25,0.822
2035,0.5,2,True,28,0.25,0.844
2035,0.5,4,True,28,0.25,0.878
2035,0.5,none,True,28,0.25,0.858
2036,0.5,1,True,27,0.1111,0.317
2036,0.5,2,True,27,0.1111,0.326
2036,0.5,4,True,27,0.1111,0.167
2036,0.5,none,True,27,0.1111,0.172
2037,0.5,1,True,27,0.1111,0.308
2037,0.5,2,True,27,0.1111,0.322
2037,0.5,4,True,27,0.1111,0.189
2037,0.5,none,True,27,0.1111,0.195
2038,0.5,1,False,,,28.371
2038,0.5,2,False,,,27.1
2038,0.5,4,True,30,0.3333,9.656
2038,0.5,none,True,30,0.3333,9.577
2039,0.5,1,True,24,0.125,0.154
2039,0.5,2,True,24,0.125,0.161
2039,0.5,4,True,27,0.2222,0.699
2039,0.5,none,True,27,0.2222,0.701
2040,0.5,1,True,23,0.0,5.1
2040,0.5,2,True,23,0.0,5.31
2040,0.5,4,True,23,0.0,5.834
2040,0.5,none,True,23,0.0,5.728
2041,0.5,1,True,29,0.1034,4.555
2041,0.5,2,True,29,0.1034,4.982
2041,0.5,4,True,29,0.1034,5.161
2041,0.5,none,True,29,0.1034,5.08
2042,0.5,1,False,,,26.467
2042,0.5,2,False,,,26.482
2042,0.5,4,True,28,0.25,2.196
2042,0.5,none,True,28,0.25,2.161
2043,0.5,1,True,28,0.0,1.217
2043,0.5,2,True,28,0.0,1.253
2043,0.5,4,True,29,0.1034,1.383
2043,0.5,none,True,29,0.1034,1.383
2044,0.5,1,True,29,0.1379,3.496
2044,0.5,2,True,29,0.1379,3.828
2044,0.5,4,True,29,0.2069,1.943
2044,0.5,none,True,29,0.2069,1.921
2045,0.5,1,True,25,0.0,1.793
2045,0.5,2,True,25,0.0,1.748
2045,0.5,4,True,25,0.12,1.902
2045,0.5,none,True,25,0.12,1.959
2046,0.5,1,False,,,29.262
2046,0.5,2,False,,,27.17
2046,0.5,4,True,32,0.4062,9.701
2046,0.5,none,True,32,0.4062,9.557
2047,0.5,1,True,26,0.2692,0.72
2047,0.5,2,True,26,0.2692,0.738
2047,0.5,4,True,30,0.3667,0.843
2047,0.5,none,True,30,0.3667,0.823
2048,0.5,1,True,22,0.1364,0.088
2048,0.5,2,True,22,0.1364,0.087
2048,0.5,4,True,22,0.1364,0.087
2048,0.5,none,True,22,0.1364,0.087
2049,0.5,1,True,24,0.0,0.652
2049,0.5,2,True,24,0.0,0.705
2049,0.5,4,True,24,0.0,0.766
2049,0.5,none,True,24,0.0,0.727
2050,0.5,1,True,30,0.1,10.696
2050,0.5,2,True,24,0.25,1.294
2050,0.5,4,True,24,0.25,1.304
2050,0.5,none,True,24,0.25,1.24
2051,0.5,1,True,27,0.1111,0.504
2051,0.5,2,True,27,0.1111,0.519
2051,0.5,4,True,27,0.1111,0.379
2051,0.5,none,True,27,0.1111,0.368
2052,0.5,1,True,23,0.0,1.131
2052,0.5,2,True,23,0.0,1.205
2052,0.5,4,True,24,0.2917,1.164
2052,0.5,none,True,24,0.2917,1.072
2053,0.5,1,False,,,27.512
2053,0.5,2,False,,,27.277
2053,0.5,4,False,,,26.38
2053,0.5,none,False,,,26.252
2054,0.5,1,False,,,27.783
2054,0.5,2,False,,,27.685
2054,0.5,4,True,30,0.3333,2.722
2054,0.5,none,True,30,0.3333,2.666
2055,0.5,1,True,26,0.1154,0.464
2055,0.5,2,True,26,0.1154,0.473
2055,0.5,4,True,26,0.1154,0.505
2055,0.5,none,True,26,0.1154,0.487
2056,0.5,1,True,23,0.1304,6.323
2056,0.5,2,True,23,0.1304,5.417
2056,0.5,4,True,26,0.3077,5.661
2056,0.5,none,True,26,0.3077,5.521
2057,0.5,1,True,25,0.16,2.11
2057,0.5,2,True,24,0.125,1.627
2057,0.5,4,True,24,0.125,0.3
2057,0.5,none,True,24,0.125,0.284
2058,0.5,1,False,,,29.352
2058,0.5,2,False,,,28.487
2058,0.5,4,True,31,0.4516,14.143
2058,0.5,none,True,31,0.4516,14.088
2059,0.5,1,True,26,0.1154,0.822
2059,0.5,2,True,26,0.1154,0.878
2059,0.5,4,True,26,0.1154,0.927
2059,0.5,none,True,26,0.1154,0.918
2000,1.0,1,True,30,0.0,3.026
2000,1.0,2,True,31,0.2258,2.527
2000,1.0,4,True,31,0.2258,3.977
2000,1.0,none,True,31,0.2258,3.859
2001,1.0,1,True,23,0.2609,0.24
2001,1.0,2,True,29,0.4483,0.471
2001,1.0,4,True,29,0.4483,0.64
2001,1.0,none,True,29,0.4483,0.635
2002,1.0,1,True,27,0.0,3.038
2002,1.0,2,True,30,0.2333,1.539
2002,1.0,4,True,30,0.2333,2.216
2002,1.0,none,True,30,0.2333,2.162
2003,1.0,1,True,27,0.2222,1.837
2003,1.0,2,True,27,0.2222,2.004
2003,1.0,4,True,28,0.5714,0.361
2003,1.0,none,True,28,0.5714,0.353
2004,1.0,1,True,26,0.1154,0.419
2004,1.0,2,True,26,0.1154,0.474
2004,1.0,4,True,26,0.5385,0.095
2004,1.0,none,True,26,0.5385,0.1
2005,1.0,1,True,26,0.0,0.887
2005,1.0,2,True,26,0.0,1.139
2005,1.0,4,True,28,0.1071,0.547
2005,1.0,none,True,28,0.1071,0.533
2006,1.0,1,True,26,0.2692,0.621
2006,1.0,2,True,26,0.2692,0.718
2006,1.0,4,True,26,0.2692,1.04
2006,1.0,none,True,26,0.2692,1.062
2007,1.0,1,True,19,0.4211,1.974
2007,1.0,2,True,19,0.4211,0.895
2007,1.0,4,True,17,0.4706,0.103
2007,1.0,none,True,17,0.4706,0.096
2008,1.0,1,True,25,0.16,0.987
2008,1.0,2,True,25,0.16,1.089
2008,1.0,4,True,25,0.16,1.369
2008,1.0,none,True,25,0.16,1.286
2009,1.0,1,True,26,0.2692,0.665
2009,1.0,2,True,27,0.2222,1.079
2009,1.0,4,True,27,0.2222,1.695
2009,1.0,none,True,27,0.2222,1.689
2010,1.0,1,True,25,0.0,3.255
2010,1.0,2,True,23,0.4348,2.672
2010,1.0,4,True,24,0.2917,2.012
2010,1.0,none,True,24,0.2917,1.876
2011,1.0,1,True,30,0.2333,2.148
2011,1.0,2,True,21,0.1429,3.31
2011,1.0,4,True,21,0.1429,1.578
2011,1.0,none,True,21,0.1429,1.541
2012,1.0,1,True,24,0.1667,0.96
2012,1.0,2,True,22,0.1364,0.841
2012,1.0,4,True,22,0.1364,1.144
2012,1.0,none,True,22,0.1364,1.144
2013,1.0,1,True,28,0.0,2.629
2013,1.0,2,True,30,0.1,3.413
2013,1.0,4,True,30,0.1,1.851
2013,1.0,none,True,30,0.1,1.855
2014,1.0,1,True,28,0.1071,4.395
2014,1.0,2,True,28,0.1071,4.811
2014,1.0,4,True,28,0.1071,9.512
2014,1.0,none,True,28,0.1071,8.791
2015,1.0,1,True,27,0.2222,1.441
2015,1.0,2,True,27,0.2222,1.446
2015,1.0,4,True,28,0.1429,0.776
2015,1.0,none,True,28,0.1429,0.767
2016,1.0,1,True,28,0.0,1.626
2016,1.0,2,True,28,0.0,1.868
2016,1.0,4,True,28,0.0,2.522
2016,1.0,none,True,28,0.0,2.484
2017,1.0,1,True,22,0.1364,0.619
2017,1.0,2,True,23,0.3913,0.67
2017,1.0,4,True,25,0.28,1.794
2017,1.0,none,True,25,0.28,1.836
2018,1.0,1,True,29,0.1034,2.596
2018,1.0,2,True,29,0.1034,1.207
2018,1.0,4,True,31,0.3226,0.701
2018,1.0,none,True,31,0.3226,0.686
2019,1.0,1,True,28,0.25,0.311
2019,1.0,2,True,28,0.25,0.165
2019,1.0,4,True,28,0.25,0.162
2019,1.0,none,True,28,0.25,0.154
2020,1.0,1,True,29,0.1034,2.893
2020,1.0,2,True,29,0.1034,1.633
2020,1.0,4,True,21,0.1429,0.339
2020,1.0,none,True,21,0.1429,0.317
2021,1.0,1,True,26,0.2692,13.082
2021,1.0,2,True,26,0.2692,13.018
2021,1.0,4,True,29,0.3793,0.994
2021,1.0,none,True,29,0.3793,0.98
2022,1.0,1,True,28,0.0,1.075
2022,1.0,2,True,29,0.1034,1.231
2022,1.0,4,True,29,0.1034,1.931
2022,1.0,none,True,29,0.1034,1.862
2023,1.0,1,True,25,0.12,1.517
2023,1.0,2,True,32,0.2188,16.963
2023,1.0,4,True,32,0.1875,17.024
2023,1.0,none,True,32,0.1875,17.333
2024,1.0,1,True,28,0.1429,0.872
2024,1.0,2,True,28,0.1429,0.994
2024,1.0,4,True,31,0.1935,2.885
2024,1.0,none,True,31,0.1935,2.819
2025,1.0,1,True,24,0.125,0.131
2025,1.0,2,True,28,0.2143,16.249
2025,1.0,4,True,28,0.3571,0.096
2025,1.0,none,True,28,0.3571,0.089
2026,1.0,1,True,31,0.129,1.484
2026,1.0,2,True,22,0.1364,0.22
2026,1.0,4,True,22,0.1364,0.424
2026,1.0,none,True,22,0.1364,0.421
2027,1.0,1,False,,,27.089
2027,1.0,2,True,29,0.2414,9.932
2027,1.0,4,True,28,0.1429,8.097
2027,1.0,none,True,28,0.3214,7.326
2028,1.0,1,True,20,0.0,0.664
2028,1.0,2,True,24,0.125,0.195
2028,1.0,4,True,24,0.125,0.203
2028,1.0,none,True,24,0.125,0.229
2029,1.0,1,True,19,0.0,0.403
2029,1.0,2,True,31,0.1935,2.525
2029,1.0,4,True,30,0.3,2.737
2029,1.0,none,True,30,0.3,2.644
2030,1.0,1,True,29,0.0,4.808
2030,1.0,2,True,29,0.0,6.489
2030,1.0,4,True,32,0.3125,8.656
2030,1.0,none,True,32,0.3125,8.447
2031,1.0,1,True,28,0.2143,0.872
2031,1.0,2,True,29,0.3448,0.422
2031,1.0,4,True,31,0.1935,2.051
2031,1.0,none,True,31,0.1935,2.104
2032,1.0,1,True,22,0.0,0.631
2032,1.0,2,True,23,0.3478,0.724
2032,1.0,4,True,23,0.3478,1.407
2032,1.0,none,True,23,0.3478,1.424
2033,1.0,1,True,21,0.1905,0.732
2033,1.0,2,True,21,0.1905,0.776
2033,1.0,4,True,28,0.1071,1.215
2033,1.0,none,True,28,0.1071,1.196
2034,1.0,1,True,28,0.25,1.446
2034,1.0,2,True,28,0.25,1.503
2034,1.0,4,True,28,0.25,2.059
2034,1.0,none,True,28,0.25,2.022
2035,1.0,1,True,28,0.25,0.835
2035,1.0,2,True,28,0.25,0.911
2035,1.0,4,True,25,0.24,0.398
2035,1.0,none,True,25,0.24,0.391
2036,1.0,1,True,27,0.1111,0.316
2036,1.0,2,True,27,0.1111,0.18
2036,1.0,4,True,27,0.1111,0.179
2036,1.0,none,True,27,0.1111,0.177
2037,1.0,1,True,27,0.1111,0.306
2037,1.0,2,True,27,0.1111,0.212
2037,1.0,4,True,27,0.1111,0.538
2037,1.0,none,True,27,0.1111,0.522
2038,1.0,1,False,,,27.129
2038,1.0,2,True,30,0.3333,9.631
2038,1.0,4,True,32,0.3438,8.233
2038,1.0,none,True,31,0.1935,8.124
2039,1.0,1,True,24,0.125,0.177
2039,1.0,2,True,27,0.2222,0.791
2039,1.0,4,True,27,0.2222,0.957
2039,1.0,none,True,27,0.2222,0.942
2040,1.0,1,True,23,0.0,5.431
2040,1.0,2,True,23,0.0,6.474
2040,1.0,4,True,28,0.1429,0.971
2040,1.0,none,True,28,0.1429,0.963
2041,1.0,1,True,29,0.1034,4.866
2041,1.0,2,True,29,0.1034,6.069
2041,1.0,4,True,24,0.3333,2.113
2041,1.0,none,True,24,0.3333,2.064
2042,1.0,1,False,,,26.788
2042,1.0,2,True,29,0.3448,3.073
2042,1.0,4,True,29,0.3448,1.259
2042,1.0,none,True,29,0.3448,1.283
2043,1.0,1,True,28,0.0,1.269
2043,1.0,2,True,29,0.1034,1.453
2043,1.0,4,True,29,0.1034,3.433
2043,1.0,none,True,29,0.1034,3.37
2044,1.0,1,True,29,0.1379,3.776
2044,1.0,2,True,29,0.2069,1.9
2044,1.0,4,True,29,0.2069,2.12
2044,1.0,none,True,29,0.2069,2.095
2045,1.0,1,True,25,0.0,1.901
2045,1.0,2,True,25,0.12,2.048
2045,1.0,4,True,31,0.1935,2.305
2045,1.0,none,True,31,0.1935,2.221
2046,1.0,1,False,,,29.289
2046,1.0,2,True,32,0.4062,9.542
2046,1.0,4,True,33,0.3636,7.453
2046,1.0,none,True,30,0.3333,7.818
2047,1.0,1,True,26,0.2692,0.71
2047,1.0,2,True,30,0.3667,0.875
2047,1.0,4,True,30,0.3667,1.083
2047,1.0,none,True,30,0.3667,1.09
2048,1.0,1,True,22,0.1364,0.094
2048,1.0,2,True,22,0.1364,0.091
2048,1.0,4,True,32,0.5625,1.85
2048,1.0,none,True,32,0.5625,1.842
2049,1.0,1,True,24,0.0,0.683
2049,1.0,2,True,24,0.0,0.873
2049,1.0,4,True,24,0.0,1.412
2049,1.0,none,True,24,0.0,1.404
2050,1.0,1,True,24,0.25,1.25
2050,1.0,2,True,24,0.25,1.447
2050,1.0,4,True,25,0.52,1.906
2050,1.0,none,True,25,0.52,1.895
2051,1.0,1,True,27,0.1111,0.49
2051,1.0,2,True,27,0.1111,0.379
2051,1.0,4,True,29,0.2759,0.916
2051,1.0,none,True,29,0.2759,0.869
2052,1.0,1,True,23,0.0,1.237
2052,1.0,2,True,24,0.2917,1.247
2052,1.0,4,True,24,0.2917,1.816
2052,1.0,none,True,24,0.2917,1.797
2053,1.0,1,False,,,29.142
2053,1.0,2,False,,,28.267
2053,1.0,4,False,,,26.79
2053,1.0,none,True,33,0.1818,16.91
2054,1.0,1,False,,,27.366
2054,1.0,2,True,30,0.3333,2.819
2054,1.0,4,True,30,0.3333,2.668
2054,1.0,none,True,30,0.3333,2.446
2055,1.0,1,True,26,0.1154,0.464
2055,1.0,2,True,26,0.1154,0.531
2055,1.0,4,True,31,0.4839,0.204
2055,1.0,none,True,31,0.4839,0.205
2056,1.0,1,True,23,0.1304,5.369
2056,1.0,2,True,26,0.3077,5.851
2056,1.0,4,True,30,0.3,1.891
2056,1.0,none,True,30,0.3,1.945
2057,1.0,1,True,24,0.125,1.701
2057,1.0,2,True,24,0.125,0.289
2057,1.0,4,True,24,0.125,0.28
2057,1.0,none,True,24,0.125,0.276
2058,1.0,1,False,,,30.052
2058,1.0,2,False,,,28.814
2058,1.0,4,True,31,0.4516,8.252
2058,1.0,none,True,31,0.4516,8.61
2059,1.0,1,True,26,0.1154,0.874
2059,1.0,2,True,26,0.1154,1.01
2059,1.0,4,True,28,0.3929,1.145
2059,1.0,none,True,28,0.3929,1.108
