seed,lambda,ok,moves,trigger_overlap,time_s
2000,0.0,True,30,0.0,3.289
2000,0.5,True,31,0.2258,7.71
2000,1.0,True,31,0.2258,13.62
2001,0.0,True,19,0.0,0.466
2001,0.5,True,29,0.4483,1.619
2001,1.0,True,29,0.4483,2.149
2002,0.0,True,27,0.0,3.036
2002,0.5,True,30,0.2333,4.563
2002,1.0,True,30,0.2333,7.851
2003,0.0,True,26,0.1154,0.371
2003,0.5,True,27,0.2222,6.393
2003,1.0,True,28,0.5714,1.216
2004,0.0,True,28,0.1071,1.011
2004,0.5,True,26,0.1154,1.454
2004,1.0,True,26,0.5385,0.316
2005,0.0,True,26,0.0,0.982
2005,0.5,True,26,0.0,3.508
2005,1.0,True,28,0.1071,1.852
2006,0.0,True,26,0.2692,1.391
2006,0.5,True,26,0.2692,2.167
2006,1.0,True,26,0.2692,3.571
2007,0.0,True,28,0.1429,2.779
2007,0.5,True,19,0.4211,2.331
2007,1.0,True,17,0.4706,0.319
2008,0.0,True,25,0.16,1.547
2008,0.5,True,25,0.16,3.323
2008,1.0,True,25,0.16,4.313
2009,0.0,True,26,0.3077,0.774
2009,0.5,True,27,0.2222,3.512
2009,1.0,True,27,0.2222,5.597
2010,0.0,True,25,0.0,4.28
2010,0.5,True,23,0.4348,8.885
2010,1.0,True,24,0.2917,6.718
2011,0.0,False,,,44.516
2011,0.5,True,21,0.1429,11.636
2011,1.0,True,21,0.1429,5.805
2012,0.0,True,24,0.1667,1.477
2012,0.5,True,22,0.1364,2.801
2012,1.0,True,22,0.1364,4.226
2013,0.0,True,28,0.0,3.48
2013,0.5,True,30,0.1,12.26
2013,1.0,True,30,0.1,6.988
2014,0.0,True,28,0.1071,5.933
2014,0.5,True,28,0.1071,15.455
2014,1.0,True,28,0.1071,30.434
2015,0.0,True,27,0.0,16.492
2015,0.5,True,27,0.2222,5.086
2015,1.0,True,28,0.1429,2.816
2016,0.0,True,28,0.0,1.953
2016,0.5,True,28,0.0,6.126
2016,1.0,True,28,0.0,8.901
2017,0.0,True,22,0.1364,1.152
2017,0.5,True,23,0.3913,2.453
2017,1.0,True,25,0.28,6.501
2018,0.0,True,23,0.1304,2.239
2018,0.5,True,29,0.1034,3.91
2018,1.0,True,31,0.3226,2.539
2019,0.0,True,27,0.1111,1.578
2019,0.5,True,28,0.25,0.529
2019,1.0,True,28,0.25,0.576
2020,0.0,False,,,39.223
2020,0.5,True,29,0.1034,4.68
2020,1.0,True,21,0.1429,1.193
2021,0.0,True,26,0.2692,13.422
2021,0.5,True,26,0.2692,40.95
2021,1.0,True,29,0.3793,3.568
2022,0.0,True,28,0.0,1.388
2022,0.5,True,29,0.1034,3.804
2022,1.0,True,29,0.1034,6.834
2023,0.0,True,28,0.2143,2.884
2023,0.5,True,24,0.1667,20.15
2023,1.0,True,32,0.1875,42.42
2024,0.0,True,28,0.1429,1.202
2024,0.5,True,28,0.1429,3.256
2024,1.0,True,31,0.1935,10.359
2025,0.0,True,24,0.125,0.333
2025,0.5,True,28,0.2143,55.522
2025,1.0,True,28,0.3571,0.348
2026,0.0,True,31,0.129,2.208
2026,0.5,True,22,0.1364,0.785
2026,1.0,True,22,0.1364,1.551
2027,0.0,False,,,38.48
2027,0.5,True,29,0.2414,33.889
2027,1.0,True,28,0.3214,27.088
2028,0.0,True,20,0.0,0.962
2028,0.5,True,24,0.125,0.7
2028,1.0,True,24,0.125,0.814
2029,0.0,True,19,0.0,0.659
2029,0.5,True,31,0.1935,8.42
2029,1.0,True,30,0.3,9.67
2030,0.0,True,29,0.0,5.849
2030,0.5,True,29,0.0,9.353
2030,1.0,True,32,0.3125,13.962
2031,0.0,True,27,0.0,4.416
2031,0.5,True,29,0.3448,0.701
2031,1.0,True,31,0.1935,3.853
2032,0.0,True,22,0.0,0.395
2032,0.5,True,23,0.3478,0.972
2032,1.0,True,23,0.3478,4.985
2033,0.0,True,21,0.1905,1.074
2033,0.5,True,21,0.1905,2.685
2033,1.0,True,28,0.1071,4.358
2034,0.0,True,28,0.25,2.36
2034,0.5,True,28,0.25,2.909
2034,1.0,True,28,0.25,4.794
2035,0.0,True,28,0.25,2.231
2035,0.5,True,28,0.25,3.204
2035,1.0,True,25,0.24,1.462
2036,0.0,True,27,0.1111,0.93
2036,0.5,True,27,0.1111,0.718
2036,1.0,True,27,0.1111,0.737
2037,0.0,True,27,0.1111,0.781
2037,0.5,True,27,0.1111,0.713
2037,1.0,True,27,0.1111,1.87
2038,0.0,False,,,38.173
2038,0.5,True,30,0.3333,33.742
2038,1.0,True,31,0.1935,28.196
2039,0.0,True,24,0.125,0.265
2039,0.5,True,27,0.2222,2.576
2039,1.0,True,27,0.2222,3.402
2040,0.0,True,23,0.0,6.65
2040,0.5,True,23,0.0,20.989
2040,1.0,True,28,0.1429,3.472
2041,0.0,True,29,0.1034,5.47
2041,0.5,True,29,0.1034,17.213
2041,1.0,True,24,0.3333,7.051
2042,0.0,False,,,34.172
2042,0.5,True,28,0.25,6.977
2042,1.0,True,29,0.3448,4.19
2043,0.0,True,28,0.0,1.582
2043,0.5,True,29,0.1034,4.607
2043,1.0,True,29,0.1034,11.182
2044,0.0,True,28,0.0,1.703
2044,0.5,True,29,0.2069,6.497
2044,1.0,True,29,0.2069,7.02
2045,0.0,True,25,0.0,2.085
2045,0.5,True,25,0.12,6.265
2045,1.0,True,31,0.1935,7.413
2046,0.0,False,,,34.783
2046,0.5,True,32,0.4062,32.662
2046,1.0,True,30,0.3333,26.192
2047,0.0,True,26,0.1154,1.459
2047,0.5,True,30,0.3667,2.85
2047,1.0,True,30,0.3667,3.707
2048,0.0,True,22,0.1364,0.151
2048,0.5,True,22,0.1364,0.292
2048,1.0,True,32,0.5625,6.075
2049,0.0,True,24,0.0,0.773
2049,0.5,True,24,0.0,2.439
2049,1.0,True,24,0.0,4.765
2050,0.0,True,30,0.1,12.96
2050,0.5,True,24,0.25,4.631
2050,1.0,True,25,0.52,6.469
2051,0.0,True,27,0.1111,0.88
2051,0.5,True,27,0.1111,1.282
2051,1.0,True,29,0.2759,2.943
2052,0.0,True,23,0.0,1.396
2052,0.5,True,24,0.2917,3.779
2052,1.0,True,24,0.2917,6.123
2053,0.0,False,,,33.819
2053,0.5,False,,,88.695
2053,1.0,True,33,0.1818,55.607
2054,0.0,False,,,34.446
2054,0.5,True,30,0.3333,8.994
2054,1.0,True,30,0.3333,8.089
2055,0.0,True,24,0.1667,1.814
2055,0.5,True,26,0.1154,1.686
2055,1.0,True,31,0.4839,0.691
2056,0.0,True,23,0.0,5.837
2056,0.5,True,26,0.3077,19.292
2056,1.0,True,30,0.3,6.206
2057,0.0,True,25,0.16,2.516
2057,0.5,True,24,0.125,1.006
2057,1.0,True,24,0.125,0.948
2058,0.0,False,,,34.249
2058,0.5,True,31,0.4516,30.5
2058,1.0,True,31,0.4516,14.196
2059,0.0,True,26,0.0,0.563
2059,0.5,True,26,0.1154,1.607
2059,1.0,True,28,0.3929,1.952
